,containsCondition,isNewQuery,containsEmptyString,containsPayload,containsReturn,containsRegexTrue,evalQueryOperations,containsLogicalOp,elementQueryOperations,containsFunction,isUpdateQuery,containsEmptyArray,isWhileTrue,containsEndQuery,Label
0,0,0,0,0,0,0,0,0,0,0,0,0,0,0,0
1,1,0,0,0,0,0,0,1,0,0,0,0,0,0,0
2,1,0,0,1,0,0,0,0,0,0,0,0,0,0,1
3,0,0,0,0,0,0,0,0,0,0,0,0,0,0,0
4,1,0,0,0,0,0,0,0,0,0,0,0,0,0,0
5,1,0,0,0,0,0,0,0,0,0,0,0,0,0,0
6,1,0,0,1,0,0,0,0,0,0,0,0,0,0,1
7,1,0,1,1,0,0,0,1,0,0,0,1,0,0,1
8,0,0,0,0,0,0,0,0,0,0,1,0,0,0,0
9,1,0,0,0,0,0,0,0,0,0,0,0,0,0,0
10,1,0,0,0,0,0,0,0,0,0,0,0,0,0,0
11,0,0,0,0,0,0,0,0,0,0,0,0,0,0,0
12,1,0,0,0,0,0,0,0,0,0,0,0,0,0,1
13,1,0,0,0,0,0,0,1,0,0,0,0,0,0,0
14,1,0,0,0,0,1,0,1,0,0,0,0,0,0,1
15,1,0,0,0,0,0,1,0,0,0,0,0,0,0,0
16,1,0,0,0,0,0,1,0,0,0,0,0,0,0,1
17,1,0,0,0,0,0,0,0,0,0,0,0,0,0,0
18,0,0,0,0,0,0,0,0,0,0,1,0,0,0,0
19,0,0,0,0,0,0,0,0,0,0,0,0,0,0,0
20,0,0,0,0,0,0,0,0,0,1,0,0,0,0,0
21,0,0,0,0,0,0,0,0,0,0,0,0,0,0,0
22,0,0,0,0,0,0,0,0,0,1,0,0,0,0,0
23,1,0,0,0,0,0,0,0,0,0,0,0,0,0,0
24,1,0,0,1,0,0,0,1,0,0,0,1,0,0,1
25,1,0,0,0,0,0,0,1,0,0,0,0,0,0,0
26,0,0,0,0,0,0,0,0,0,0,1,0,0,0,0
27,0,0,0,0,0,0,0,0,0,0,1,0,0,0,0
28,1,0,0,0,0,0,0,0,0,0,0,1,0,0,0
29,1,0,0,0,0,0,0,1,0,0,0,1,0,0,1
30,0,0,0,0,0,0,0,0,0,0,0,0,0,0,0
31,1,0,0,1,0,0,0,0,0,0,0,1,0,0,1
32,1,0,0,1,0,0,0,1,0,0,0,1,0,0,1
33,1,0,0,0,0,0,0,0,0,0,0,0,0,0,0
34,1,0,0,1,0,0,0,1,0,0,0,1,0,0,1
35,1,0,0,0,0,0,0,0,0,0,0,0,0,0,1
36,1,0,0,1,0,0,0,0,0,0,1,1,0,0,1
37,1,0,0,0,0,0,1,0,0,0,0,0,0,0,1
38,1,0,0,0,0,0,1,0,0,0,0,0,0,0,0
39,1,0,1,0,1,0,1,0,0,0,0,0,0,0,1
40,1,0,0,0,1,0,0,0,0,0,0,0,0,0,1
41,0,0,0,0,0,0,0,0,0,0,1,1,0,0,1
42,1,0,0,1,0,0,0,0,0,0,0,0,0,0,1
43,1,0,1,0,1,0,1,0,0,0,0,0,0,0,1
44,1,0,0,0,0,0,1,0,0,0,0,0,1,0,1
45,1,0,1,1,0,0,0,1,0,0,0,1,0,0,1
46,0,0,0,0,0,0,0,0,0,0,0,0,0,0,0
47,1,1,0,0,0,0,0,0,0,0,1,0,0,0,1
48,1,0,0,0,0,0,0,0,0,0,0,0,0,0,1
49,1,0,0,0,0,0,0,0,0,0,0,0,0,0,1
50,1,0,0,1,0,0,0,0,0,0,0,0,0,0,1
51,0,0,0,1,0,0,0,1,0,0,0,1,0,0,1
52,0,0,0,1,0,0,0,1,0,0,0,1,0,0,1
53,0,0,0,1,0,0,0,1,0,0,0,0,0,0,1
54,1,0,0,0,0,0,0,0,1,0,0,0,0,0,1
55,1,0,0,0,0,0,0,1,0,0,0,0,0,0,1
56,1,0,0,0,0,0,0,1,0,0,0,0,0,0,1
57,1,0,1,0,1,0,1,0,0,0,0,0,0,0,1
58,1,0,0,0,0,0,0,0,1,0,0,0,0,0,1
59,1,0,1,1,0,0,1,0,0,0,0,0,0,0,1
60,1,0,1,0,1,0,1,0,0,0,0,0,0,0,1
61,1,1,0,0,0,0,0,0,0,0,1,0,0,0,1
62,1,0,0,1,0,0,1,0,0,0,0,0,0,0,1
63,1,0,0,0,1,0,0,0,0,0,0,0,0,0,1
64,1,0,0,0,0,1,0,0,0,0,0,0,0,0,1
65,1,0,0,0,0,1,0,0,0,0,0,0,0,0,1
66,1,0,0,0,0,1,0,0,0,0,0,0,0,0,1
67,1,0,0,0,0,1,1,0,0,0,0,0,0,0,1
68,1,0,0,0,0,0,0,0,0,0,0,0,0,0,0
69,1,0,0,0,0,0,0,0,0,0,0,0,0,0,0
70,1,0,0,0,0,0,0,0,0,0,0,0,0,0,0
71,1,0,0,0,0,0,0,0,0,0,0,0,0,0,0
72,1,0,0,0,0,0,0,1,0,0,0,0,0,0,0
73,1,0,0,0,0,0,0,1,0,0,0,0,0,0,0
74,1,0,0,0,0,0,0,1,0,0,0,0,0,0,0
75,1,0,0,0,0,0,0,1,0,0,0,0,0,0,0
76,1,0,0,0,0,0,0,0,0,0,0,0,0,0,0
77,1,0,0,0,0,0,0,1,0,0,0,0,0,0,0
78,1,0,0,0,0,0,0,1,0,0,0,0,0,0,0
79,1,0,0,0,0,0,0,1,0,0,0,0,0,0,0
80,1,0,0,0,0,0,0,1,0,0,0,0,0,0,0
81,1,0,0,0,0,0,0,1,0,0,0,0,0,0,0
82,1,0,0,0,0,0,0,0,0,0,0,0,0,0,0
83,1,0,0,0,0,0,0,0,0,0,0,0,0,0,0
84,1,0,0,0,0,0,0,0,0,0,0,1,0,0,0
85,1,0,0,0,0,0,0,1,0,0,0,0,0,0,0
86,1,0,0,0,0,0,0,1,0,0,0,0,0,0,0
87,0,0,0,0,0,0,0,0,0,0,0,0,0,0,0
88,1,0,0,0,0,0,0,1,0,0,1,0,0,0,0
89,1,0,0,0,0,0,0,0,0,0,1,0,0,0,0
90,1,0,0,0,0,0,0,0,0,0,1,0,0,0,0
91,1,0,0,0,0,0,0,1,0,0,1,0,0,0,0
92,1,0,0,0,0,0,0,0,0,0,1,0,0,0,0
93,0,0,0,0,0,0,0,0,0,0,0,0,0,0,0
94,1,0,0,0,0,0,0,1,0,0,0,0,0,0,0
95,0,0,0,0,0,0,0,1,0,0,1,0,0,0,0
96,0,0,0,0,0,0,0,0,0,0,0,0,0,0,0
97,1,0,0,0,0,0,0,1,0,0,0,0,0,0,0
98,0,0,0,0,0,0,0,0,0,0,0,0,0,0,0
99,1,0,0,0,0,0,0,0,0,0,0,0,0,0,0
100,0,0,0,0,0,0,0,0,0,0,0,0,0,0,0
101,0,0,0,0,0,0,0,0,0,0,0,0,0,0,0
102,1,0,0,0,0,0,0,0,0,0,0,0,0,0,0
103,1,0,0,0,0,0,0,0,0,0,0,0,0,0,0
104,1,0,0,0,0,0,0,0,0,0,0,0,0,0,0
105,0,1,0,0,0,0,0,0,0,0,0,0,0,0,0
106,0,1,0,0,0,0,0,0,0,0,0,0,0,0,0
107,0,1,0,0,1,0,0,0,0,0,0,0,0,0,0
108,0,1,0,0,0,0,0,0,0,0,0,0,0,0,0
109,0,0,0,0,0,0,0,0,0,0,0,0,0,0,0
110,0,0,0,0,0,0,0,0,0,0,1,0,0,0,0
111,0,0,0,0,0,0,0,0,0,0,0,0,0,0,0
112,0,0,0,0,0,0,0,0,0,0,0,0,0,0,0
113,0,0,0,0,0,0,0,0,0,0,0,0,0,0,0
114,0,0,0,0,0,0,0,0,0,0,0,0,0,0,0
115,0,0,0,0,0,0,0,0,0,0,0,0,0,0,0
116,1,0,0,0,0,0,0,0,0,0,0,0,0,0,0
117,0,0,0,0,1,0,0,0,0,0,0,0,0,0,0
118,1,0,0,0,1,0,0,0,0,0,1,0,0,0,0
119,1,0,0,0,0,0,0,1,0,0,0,0,0,0,0
120,1,0,0,0,0,0,0,0,0,0,0,0,0,0,0
121,1,0,0,0,0,0,0,0,0,0,1,0,0,0,0
122,1,0,0,0,0,0,0,0,0,0,1,0,0,0,0
123,1,0,0,0,0,0,0,0,0,0,1,0,0,0,0
124,0,0,0,0,0,0,0,0,0,0,0,1,0,0,0
125,0,0,0,0,0,0,0,0,0,0,0,0,0,0,0
126,0,0,0,0,0,0,0,0,0,0,0,0,0,0,0
127,1,1,0,0,0,0,0,0,0,0,1,0,0,0,0
128,1,1,0,0,0,0,0,0,0,0,1,0,0,0,0
129,0,0,0,0,0,0,0,0,0,0,1,0,0,0,0
130,0,0,0,0,0,0,0,0,0,0,1,0,0,0,0
131,0,0,0,0,0,0,0,0,0,0,1,0,0,0,0
132,0,0,0,0,0,0,0,0,0,0,1,0,0,0,0
133,1,0,0,0,0,0,0,0,0,0,1,0,0,0,0
134,0,0,0,0,0,0,0,0,0,0,1,0,0,0,0
135,1,0,0,0,0,0,0,0,0,0,1,0,0,0,0
136,1,0,0,0,0,0,0,0,0,0,1,0,0,0,0
137,0,0,0,0,0,0,0,0,0,0,1,0,0,0,0
138,1,0,0,0,0,0,0,0,0,0,0,1,0,0,0
139,1,0,0,0,0,0,0,0,0,0,0,1,0,0,0
140,0,0,0,0,0,0,0,0,0,0,0,1,0,0,0
141,1,0,0,0,0,0,0,0,0,0,0,0,0,0,0
142,1,0,0,0,0,0,0,0,0,0,1,0,0,0,0
143,1,0,0,0,0,0,0,0,0,0,0,1,0,0,0
144,1,0,0,0,0,0,0,0,0,0,0,1,0,0,0
145,0,0,0,0,0,0,0,0,0,0,0,1,0,0,0
146,0,0,0,0,0,0,0,0,0,0,0,1,0,0,0
147,0,0,0,0,0,0,0,0,0,0,0,1,0,0,0
148,0,0,0,0,0,0,0,0,0,0,0,1,0,0,0
149,1,0,0,0,0,0,0,0,0,0,1,1,0,0,0
150,0,0,0,0,0,0,0,0,0,0,0,1,0,0,0
151,0,0,0,0,0,0,0,0,0,0,0,0,0,0,0
152,0,0,0,0,0,0,0,0,0,0,0,1,0,0,0
153,1,0,0,0,0,0,0,0,0,0,0,0,0,0,0
154,1,0,0,0,0,0,0,0,0,0,0,0,0,0,0
155,1,0,0,0,0,0,0,1,0,0,0,0,0,0,0
156,1,0,0,0,0,0,0,0,0,0,0,0,0,0,0
157,1,0,0,0,0,0,0,1,0,0,0,0,0,0,0
158,1,0,0,1,0,0,0,0,0,0,0,1,0,0,0
159,1,0,0,0,0,0,0,0,0,0,0,0,0,0,0
160,1,0,0,0,0,0,0,0,0,0,0,0,0,0,0
161,1,0,0,0,0,0,0,0,0,0,0,1,0,0,0
162,1,0,0,0,0,0,0,0,0,0,1,0,0,0,0
163,0,0,0,0,0,0,0,0,0,0,0,0,0,0,0
164,1,0,0,0,0,0,0,0,0,0,0,0,0,0,0
165,0,0,0,0,0,0,0,0,0,0,0,0,0,0,0
166,1,0,0,0,0,0,0,0,0,0,0,0,0,0,0
167,0,0,0,0,0,0,0,0,0,0,0,0,0,0,0
168,0,0,0,0,0,0,0,0,0,0,0,0,0,0,0
169,1,0,0,0,0,0,0,0,0,0,0,0,0,0,0
170,0,0,0,0,0,0,0,0,0,0,0,1,0,0,0
171,0,0,0,0,0,0,0,0,0,0,0,1,0,0,0
172,1,0,0,0,0,0,0,0,0,0,0,0,0,0,0
173,1,0,0,0,0,0,0,0,0,0,1,0,0,0,0
174,1,0,0,0,0,0,0,0,0,0,1,0,0,0,0
175,1,0,0,0,0,0,0,0,0,0,0,0,0,0,0
176,0,0,0,0,0,0,0,0,0,0,0,0,0,0,0
177,0,0,0,0,0,0,0,0,0,0,0,0,0,0,0
178,0,0,0,0,0,0,0,0,0,0,0,1,0,0,0
179,0,0,0,0,0,0,0,0,0,0,0,0,0,0,0
180,0,0,0,0,0,0,0,0,0,0,0,0,0,0,0
181,0,0,0,0,0,0,0,0,0,0,0,0,0,0,0
182,0,0,0,0,0,0,0,0,0,0,0,0,0,0,0
183,0,0,0,0,0,0,0,0,0,0,0,0,0,0,0
184,0,0,0,0,0,0,0,0,0,0,0,0,0,0,0
185,0,0,0,0,0,0,0,0,0,0,0,1,0,0,0
186,1,0,0,0,0,0,0,0,0,0,0,0,0,0,0
187,0,0,0,0,0,0,0,0,0,0,0,0,0,0,0
188,0,0,0,0,0,0,0,0,0,0,0,0,0,0,0
189,0,0,0,0,0,0,0,0,0,0,0,0,0,0,0
190,1,0,0,0,0,0,0,0,0,0,0,0,0,0,0
191,0,0,0,0,0,0,0,0,0,0,0,0,0,0,0
192,0,0,0,0,0,0,0,0,0,0,0,0,0,0,0
193,0,0,0,0,0,0,0,0,0,0,0,1,0,0,0
194,0,0,0,0,0,0,0,0,0,0,0,0,0,0,0
195,0,0,0,0,0,0,0,0,0,0,0,0,0,0,0
196,0,0,0,0,0,0,0,0,0,0,1,0,0,0,0
197,0,0,0,0,0,0,0,0,0,0,0,1,0,0,0
198,0,0,0,0,0,0,0,0,0,0,0,0,0,0,0
199,0,0,0,0,0,0,0,0,0,0,0,0,0,0,0
200,0,0,0,0,0,0,0,0,0,0,0,0,0,0,0
201,0,0,0,0,0,0,0,0,0,0,0,1,0,0,0
202,0,0,0,0,0,0,0,0,0,0,0,0,0,0,0
203,0,0,0,0,0,0,0,0,0,0,0,0,0,0,0
204,1,0,0,1,0,0,0,0,0,0,0,1,0,0,0
205,1,0,0,0,0,0,0,1,0,0,0,0,0,0,0
206,0,0,0,0,0,0,0,0,0,0,0,0,0,0,0
207,0,0,0,0,0,0,0,0,0,0,0,0,0,0,0
208,1,0,0,0,0,0,0,1,0,0,0,1,0,0,0
209,0,0,0,0,0,0,0,0,0,0,0,0,0,0,0
210,1,0,0,0,0,0,0,0,0,0,0,0,0,0,0
211,0,0,0,0,0,0,0,0,0,0,0,0,0,0,0
212,0,0,0,0,0,0,0,0,0,0,0,0,0,0,0
213,1,1,0,0,0,0,0,0,0,0,0,0,0,0,0
214,1,0,0,0,0,0,0,0,0,0,0,0,0,0,0
215,1,0,0,0,0,0,0,0,0,0,0,0,0,0,0
216,0,0,0,0,0,0,0,0,1,0,0,0,0,0,0
217,0,0,0,0,0,0,0,0,0,0,0,0,0,0,0
218,0,0,0,0,0,0,0,0,1,0,0,0,0,0,0
219,0,0,0,0,0,0,0,0,0,0,0,0,0,0,0
220,0,0,0,0,0,0,0,0,0,0,0,0,0,0,0
221,0,0,0,0,0,0,1,0,0,0,0,0,0,0,0
222,0,0,0,0,0,0,1,0,0,0,0,1,0,0,0
223,1,0,0,0,0,0,1,0,0,0,0,0,0,0,0
224,1,0,0,0,0,0,1,0,0,0,0,0,0,0,0
225,0,0,0,0,0,0,0,0,0,0,0,0,0,0,0
226,0,0,0,0,0,0,0,0,0,0,0,0,0,0,0
227,0,0,0,0,0,0,0,0,0,0,0,0,0,0,0
228,0,0,0,0,0,0,0,0,0,0,0,0,0,0,0
229,1,0,0,1,0,0,0,0,0,0,0,0,0,0,1
230,1,0,0,0,1,0,0,0,0,0,0,0,0,0,1
231,1,1,0,0,0,0,0,0,0,0,1,0,0,0,1
232,1,1,0,0,0,0,0,0,0,0,0,0,0,0,1
233,1,1,0,0,0,0,0,0,0,0,0,0,0,0,1
234,1,1,0,0,0,0,0,0,0,1,0,0,0,0,1
235,1,1,0,0,0,0,0,0,0,0,1,0,0,0,1
236,1,1,0,0,0,0,0,0,0,0,0,0,0,0,1
237,1,0,0,0,1,0,0,0,0,0,0,0,0,0,1
238,1,0,0,1,1,0,0,0,0,0,0,0,0,0,1
239,1,1,0,0,0,0,0,0,0,0,1,0,0,0,1
240,1,1,0,0,0,0,0,0,0,0,1,0,0,0,1
241,1,1,0,0,0,0,0,0,0,0,0,0,0,0,1
242,1,1,0,0,0,0,0,0,0,0,0,0,0,0,1
243,1,1,0,0,0,0,0,0,0,0,0,0,0,0,1
244,1,1,0,0,0,0,0,0,0,0,0,0,0,0,1
245,1,0,0,0,0,0,0,0,0,0,0,0,0,0,0
246,1,0,0,0,0,0,0,0,0,0,0,0,0,0,0
247,1,0,0,0,0,0,0,0,0,0,0,1,0,0,0
248,0,0,0,0,0,0,0,0,0,0,0,1,0,0,0
249,0,0,0,0,0,0,0,0,0,0,0,1,0,0,0
250,1,0,0,0,0,0,0,0,0,0,0,0,0,0,0
251,1,0,0,0,0,0,0,0,0,0,0,0,0,0,0
252,1,0,0,0,0,0,0,0,0,0,0,1,0,0,0
253,1,0,0,0,0,0,0,0,0,0,0,0,0,0,0
254,0,0,0,0,0,0,0,0,0,0,0,0,0,0,0
255,0,0,0,0,0,0,0,0,0,0,1,0,0,0,0
256,0,0,0,0,0,0,0,0,0,0,1,0,0,0,0
257,0,0,0,0,0,0,0,0,0,0,1,0,0,0,0
258,0,0,0,0,0,0,0,0,0,0,0,0,0,0,0
259,0,0,0,0,0,0,0,0,0,0,0,0,0,0,0
260,0,0,0,0,0,0,0,0,0,0,0,0,0,0,0
261,0,0,0,0,0,0,0,0,0,0,1,0,0,0,0
262,1,0,0,0,0,0,0,0,0,0,1,0,0,0,0
263,1,0,0,0,0,0,1,0,0,0,0,0,0,0,0
264,1,0,0,0,0,0,1,0,0,0,0,0,0,0,0
265,0,0,0,0,0,0,1,0,0,0,0,0,0,0,0
266,0,0,0,0,0,0,0,0,0,0,0,0,0,0,0
267,0,0,0,0,0,0,0,0,0,0,0,0,0,0,0
268,0,0,0,0,0,0,0,0,0,0,0,0,0,0,0
269,0,0,0,0,0,0,0,0,0,0,0,0,0,0,0
270,0,0,0,0,0,0,0,0,0,0,0,0,0,0,0
271,0,0,0,0,0,0,0,0,0,0,0,0,0,0,0
272,0,0,0,0,0,0,0,0,0,0,0,0,0,0,0
273,0,0,0,0,0,0,0,0,0,0,0,0,0,0,0
274,1,0,0,0,0,0,0,0,0,0,1,0,0,0,0
275,0,0,0,0,0,0,0,0,0,0,0,0,0,0,0
276,0,0,0,0,0,0,0,0,0,0,0,0,0,0,0
277,1,0,0,0,0,0,0,0,0,0,1,0,0,0,0
278,1,0,0,0,0,0,0,0,0,0,1,0,0,0,0
279,1,0,0,0,0,0,0,0,0,0,1,0,0,0,0
280,0,0,0,0,0,0,0,0,0,0,1,0,0,0,0
281,0,0,0,0,0,0,0,0,0,0,0,0,0,0,0
282,0,0,0,0,0,0,0,0,0,0,0,0,0,0,0
283,1,0,0,0,0,0,1,0,0,0,0,0,0,0,0
284,1,0,0,0,0,0,0,0,0,0,0,0,0,0,0
285,1,0,0,0,0,0,1,0,0,0,0,0,0,0,0
286,1,0,0,0,0,0,1,0,0,0,0,0,0,0,0
287,1,0,0,0,0,0,1,0,0,0,0,0,0,0,0
288,1,0,0,0,0,0,1,0,0,0,0,0,0,0,0
289,1,0,0,0,0,0,1,0,0,0,0,0,0,0,0
290,1,0,0,0,0,0,1,0,0,0,0,0,0,0,0
291,1,0,0,0,0,0,1,0,0,0,0,0,0,0,0
292,1,1,0,0,0,0,1,0,0,0,0,0,0,0,0
293,1,0,0,0,0,0,1,0,0,0,0,0,0,0,0
294,1,0,0,0,0,0,1,0,0,0,0,0,0,0,0
295,1,0,0,0,0,0,0,0,0,0,0,0,0,0,0
296,1,0,0,0,0,0,0,1,0,0,0,0,0,0,0
297,1,0,0,0,0,0,0,0,0,0,0,0,0,0,0
298,1,0,0,0,0,0,0,0,0,0,0,0,0,0,0
299,1,0,0,0,0,0,0,0,0,0,0,0,0,0,0
300,1,0,0,0,0,0,0,0,0,0,0,0,0,0,0
301,1,0,0,0,0,0,0,0,0,0,0,0,0,0,0
302,1,0,0,0,0,0,0,0,0,0,0,0,0,0,0
303,1,0,0,0,0,0,0,0,0,0,0,0,0,0,0
304,1,0,0,0,0,0,0,0,0,0,0,0,0,0,0
305,0,0,0,0,0,0,0,0,0,0,1,0,0,0,0
306,0,0,0,0,0,0,0,0,0,0,1,0,0,0,0
307,0,0,0,0,0,0,0,0,0,0,1,0,0,0,0
308,1,0,0,0,0,0,0,0,0,0,0,0,0,0,0
309,1,0,0,0,0,0,0,0,0,0,0,0,0,0,0
310,1,0,0,0,0,0,0,0,0,0,0,0,0,0,0
311,1,0,0,0,0,0,0,0,0,0,0,0,0,0,0
312,1,0,0,0,0,0,0,0,0,0,0,0,0,0,0
313,1,0,0,0,0,0,0,0,0,0,0,0,0,0,0
314,1,0,0,0,0,0,0,0,0,0,0,0,0,0,0
315,1,0,0,0,0,0,1,0,0,0,0,0,0,0,0
316,1,0,0,0,0,0,0,0,0,0,0,0,0,0,0
317,1,0,0,0,0,0,0,0,0,0,0,0,0,0,0
318,1,0,0,0,0,0,0,0,0,0,0,0,0,0,0
319,1,0,0,0,0,0,0,0,0,0,0,1,0,0,0
320,1,0,0,0,0,0,0,0,0,0,0,1,0,0,0
321,1,0,0,0,0,0,0,0,0,0,0,1,0,0,0
322,0,0,0,0,0,0,0,0,0,0,0,0,0,0,0
323,0,0,0,0,0,0,0,0,0,0,0,0,0,0,0
324,0,0,0,0,0,0,0,0,0,0,0,0,0,0,0
325,0,0,0,0,0,0,0,0,0,0,0,0,0,0,0
326,0,0,0,0,0,0,0,0,0,0,0,0,0,0,0
327,0,0,0,0,0,0,0,0,0,0,0,0,0,0,0
328,0,0,0,0,0,0,0,0,0,0,0,0,0,0,0
329,1,0,0,0,0,0,1,1,1,0,0,0,0,0,0
330,0,0,0,0,0,0,0,0,0,0,0,0,0,0,0
331,0,0,0,0,0,0,0,0,0,0,0,0,0,0,0
332,0,0,0,0,0,0,0,0,0,0,0,0,0,0,0
333,0,0,0,0,0,0,0,0,0,0,0,0,0,0,0
334,1,0,0,0,0,0,1,0,0,0,0,0,0,0,0
335,0,0,0,0,0,0,0,0,0,0,0,0,0,0,0
336,0,0,0,0,0,0,0,0,0,0,0,0,0,0,0
337,0,0,0,0,0,0,0,0,0,0,0,0,0,0,0
338,1,0,0,0,0,0,0,1,1,0,1,0,0,0,0
339,1,0,0,0,0,0,0,0,0,0,0,0,0,0,0
340,0,0,0,0,0,0,0,1,1,0,0,0,0,0,0
341,1,1,0,0,0,0,0,0,0,0,1,0,0,0,1
342,1,1,0,0,0,0,0,0,0,0,0,0,0,0,1
343,1,1,0,0,0,0,0,0,0,0,0,0,0,0,1
344,1,1,0,0,0,0,0,0,0,0,1,0,0,0,1
345,1,1,0,0,0,0,0,0,0,0,1,0,0,0,1
346,1,1,0,0,0,0,0,0,0,0,0,0,0,0,1
347,1,1,0,0,0,0,0,0,0,0,0,0,0,0,1
348,1,1,0,0,0,0,0,0,0,0,0,0,0,0,1
349,1,1,0,0,0,0,0,0,0,0,0,0,0,0,1
350,1,1,0,0,0,0,0,0,0,0,0,0,0,0,1
351,1,1,0,0,0,0,0,0,0,0,0,0,0,0,1
352,1,1,0,0,0,0,0,0,0,0,0,0,0,0,1
353,1,1,0,0,0,0,0,0,0,0,0,0,0,0,1
354,1,1,0,0,0,0,0,0,0,0,0,0,0,0,1
355,1,0,0,1,0,0,1,0,0,0,0,0,0,0,1
356,1,0,0,0,1,0,1,0,0,0,0,0,0,0,1
357,1,0,0,0,1,0,1,0,0,0,0,0,0,0,1
358,1,0,0,1,0,0,0,0,0,0,0,0,0,0,1
359,1,0,0,0,0,0,0,0,0,0,0,1,1,0,1
360,1,0,0,1,0,0,0,1,0,0,0,1,0,0,1
361,1,0,0,1,0,0,0,1,0,0,0,1,0,0,1
362,1,0,0,1,0,0,1,0,0,0,0,0,0,0,1
363,1,0,1,0,0,0,1,0,0,0,0,0,0,0,1
364,1,0,0,0,0,0,0,0,0,0,0,0,0,0,0
365,0,0,0,0,0,0,0,0,0,0,1,0,0,0,0
366,0,0,0,0,0,0,0,0,0,0,1,1,0,0,0
367,0,0,0,0,0,0,0,0,0,0,1,0,0,0,0
368,0,0,0,0,0,0,0,0,0,0,1,0,0,0,0
369,0,0,0,0,0,0,0,0,1,0,1,0,0,0,0
370,0,0,0,0,0,0,0,0,0,0,1,0,0,0,0
371,0,0,0,0,0,0,0,0,0,0,1,0,0,0,0
372,0,0,0,0,0,0,0,0,0,0,1,0,0,0,0
373,0,0,0,0,0,0,0,0,0,0,1,0,0,0,0
374,0,0,0,0,0,0,0,0,0,0,1,0,0,0,0
375,0,0,0,0,0,0,0,0,0,0,1,0,0,0,0
376,0,0,0,0,0,0,0,0,0,0,1,0,0,0,0
377,0,0,0,0,0,0,0,0,0,0,1,0,0,0,0
378,0,0,0,0,0,0,0,0,0,0,1,0,0,0,0
379,1,0,0,0,0,0,0,0,0,0,1,1,0,0,0
380,1,0,0,0,0,0,0,0,0,0,1,1,0,0,0
381,0,0,0,0,0,0,0,0,0,0,1,0,0,0,0
382,0,0,0,0,0,0,0,0,0,0,1,0,0,0,0
383,0,0,0,0,0,0,0,0,0,0,1,0,0,0,0
384,0,0,0,0,0,0,0,0,0,0,1,0,0,0,0
385,0,0,0,0,0,0,0,0,0,0,1,0,0,0,0
386,0,0,0,0,0,0,0,0,0,0,0,0,0,0,0
387,0,0,0,0,0,0,0,0,0,0,0,0,0,0,0
388,0,0,0,0,0,0,0,0,0,0,0,0,0,0,0
389,0,0,0,0,0,0,0,0,0,0,0,0,0,0,0
390,0,0,0,0,0,0,0,0,0,0,0,0,0,0,0
391,0,0,0,0,0,0,0,0,0,0,0,0,0,0,0
392,1,0,0,0,0,0,0,0,0,0,0,0,0,0,0
393,0,0,0,0,0,0,0,0,0,0,0,0,0,0,0
394,1,0,0,0,0,0,0,0,0,0,0,0,0,0,0
395,1,0,0,0,0,0,0,0,0,0,0,0,0,0,0
396,1,0,0,0,0,0,0,0,0,0,0,0,0,0,0
397,1,0,0,0,0,0,0,0,0,0,0,0,0,0,0
398,1,0,0,0,0,0,0,0,0,0,0,0,0,0,0
399,1,0,0,0,0,0,0,0,0,0,0,0,0,0,0
400,1,0,0,0,0,0,0,0,0,0,0,0,0,0,0
401,1,0,0,0,0,0,0,0,0,0,0,0,0,0,0
402,1,0,0,0,0,0,0,0,0,0,0,0,0,0,0
403,1,0,0,0,0,0,0,0,0,0,0,0,0,0,0
404,1,0,0,0,0,0,0,0,0,0,0,0,0,0,0
405,1,0,0,0,0,0,0,0,0,0,0,0,0,0,0
406,1,0,0,0,0,0,0,0,0,0,0,0,0,0,0
407,1,0,0,0,0,0,0,0,0,0,0,0,0,0,0
408,1,0,0,0,0,0,0,0,0,0,0,0,0,0,0
409,1,0,0,0,0,0,0,0,0,0,0,0,0,0,0
410,1,0,0,0,0,0,0,0,0,0,0,0,0,0,0
411,1,0,0,0,0,0,0,0,0,0,0,0,0,0,0
412,1,0,0,0,0,0,0,0,0,0,0,0,0,0,0
413,1,0,0,0,0,0,0,0,0,0,0,0,0,0,0
414,1,0,0,0,0,0,0,0,0,0,0,0,0,0,0
415,1,0,0,0,0,0,0,0,0,0,0,0,0,0,0
416,1,0,0,0,0,0,0,0,0,0,0,0,0,0,0
417,1,0,0,1,0,0,0,0,0,0,0,0,0,0,0
418,1,0,0,0,0,0,0,0,0,0,0,0,0,0,0
419,1,0,0,0,0,0,0,0,0,0,0,0,0,0,0
420,1,0,0,0,0,0,0,0,0,0,0,0,0,0,0
421,1,0,0,0,0,0,0,0,0,0,0,0,0,0,0
422,1,0,0,0,0,0,0,0,0,0,0,0,0,0,0
423,1,0,0,0,0,0,0,0,0,0,0,0,0,0,0
424,1,0,0,0,0,0,0,0,0,0,0,0,0,0,0
425,1,0,0,0,0,0,0,0,0,0,0,0,0,0,0
426,1,0,0,0,0,0,0,0,0,0,0,0,0,0,0
427,1,0,0,0,0,0,0,0,0,0,0,0,0,0,0
428,1,0,0,0,0,0,0,0,0,0,0,0,0,0,0
429,1,0,0,0,0,0,0,0,0,0,0,0,0,0,0
430,1,0,0,0,0,0,0,0,0,0,0,0,0,0,0
431,1,0,0,0,0,0,0,0,0,0,0,0,0,0,0
432,1,0,0,0,0,0,0,0,0,0,0,0,0,0,0
433,1,0,0,0,0,0,0,0,0,0,0,0,0,0,0
434,1,0,0,0,0,0,0,0,0,0,0,0,0,0,0
435,1,0,0,0,0,0,0,0,0,0,0,0,0,0,0
436,1,0,0,0,0,0,0,0,0,0,0,0,0,0,0
437,1,0,0,0,0,0,0,0,0,0,0,0,0,0,0
438,1,0,0,0,0,0,0,0,0,0,0,0,0,0,0
439,1,0,0,0,0,0,0,0,0,0,0,0,0,0,0
440,1,0,0,0,0,0,0,0,0,0,0,0,0,0,0
441,1,0,0,0,0,0,0,0,0,0,0,0,0,0,0
442,1,0,0,0,0,0,0,0,0,0,0,0,0,0,0
443,1,0,0,0,0,0,0,0,0,0,0,0,0,0,0
444,1,0,0,0,0,0,0,0,0,0,0,0,0,0,0
445,1,0,0,0,0,0,0,0,0,0,0,0,0,0,0
446,1,0,0,0,0,0,0,0,0,0,0,0,0,0,0
447,1,0,0,0,0,0,0,0,0,0,0,0,0,0,0
448,1,0,0,0,0,0,0,0,0,0,0,0,0,0,0
449,1,0,0,0,0,0,0,0,0,0,0,0,0,0,0
450,1,0,0,0,0,0,0,0,0,0,0,0,0,0,0
451,1,0,0,0,0,0,0,0,0,0,0,0,0,0,0
452,1,0,0,0,0,0,0,0,0,0,0,0,0,0,0
453,1,0,0,0,0,0,0,0,0,0,0,0,0,0,0
454,1,0,0,0,0,0,0,0,0,0,0,0,0,0,0
455,1,0,0,0,0,0,0,0,0,0,0,0,0,0,0
456,1,0,0,0,0,0,0,0,0,0,0,0,0,0,0
457,1,0,0,0,0,0,0,0,0,0,0,0,0,0,0
458,1,0,0,0,0,0,0,0,0,0,0,0,0,0,0
459,1,0,0,0,0,0,0,0,0,0,0,0,0,0,0
460,1,0,0,0,0,0,0,0,0,0,0,0,0,0,0
461,1,0,0,0,0,0,0,0,0,0,0,0,0,0,0
462,1,0,0,0,0,0,0,0,0,0,0,0,0,0,0
463,1,0,0,0,0,0,0,0,0,0,0,0,0,0,0
464,1,0,0,0,0,0,0,0,0,0,0,0,0,0,0
465,1,0,0,0,0,0,0,0,0,0,0,0,0,0,0
466,1,0,0,0,0,0,0,0,0,0,0,0,0,0,0
467,1,0,0,0,0,0,0,0,0,0,0,0,0,0,0
468,1,0,0,0,0,0,0,0,0,0,1,0,0,0,0
469,1,0,0,0,0,0,0,0,0,0,1,0,0,0,0
470,1,0,0,0,0,0,0,0,0,0,1,0,0,0,0
471,1,0,0,0,0,0,0,0,0,0,1,0,0,0,0
472,1,0,0,0,0,0,0,0,0,0,1,0,0,0,0
473,1,0,0,0,0,0,0,0,0,0,1,0,0,0,0
474,1,0,0,0,0,0,0,0,0,0,1,0,0,0,0
475,1,0,0,0,0,0,0,0,0,0,0,0,0,0,0
476,1,0,0,0,0,0,0,0,0,0,0,0,0,0,0
477,1,0,0,1,0,0,0,0,0,0,0,0,0,0,0
478,1,0,0,0,0,0,0,0,0,0,0,0,0,0,0
479,1,0,0,0,0,0,0,0,0,0,1,0,0,0,0
480,1,0,0,0,0,0,0,0,0,0,1,0,0,0,0
481,1,0,0,0,0,0,0,0,0,0,1,0,0,0,0
482,1,0,0,0,0,0,0,0,0,0,1,0,0,0,0
483,1,0,0,0,0,0,0,0,0,0,1,0,0,0,0
484,1,0,0,0,0,0,0,1,0,0,0,0,0,0,0
485,1,0,0,0,0,0,0,1,0,0,0,0,0,0,0
486,1,0,0,0,0,0,0,1,0,0,0,0,0,0,0
487,1,0,0,0,0,0,0,1,0,0,0,0,0,0,0
488,1,0,0,0,0,0,0,1,0,0,0,0,0,0,0
489,1,0,0,0,0,0,0,1,0,0,0,0,0,0,0
490,1,0,0,0,0,0,0,1,0,0,0,0,0,0,0
491,1,0,0,0,0,0,0,1,0,0,0,0,0,0,0
492,1,0,0,0,0,0,0,1,0,0,0,0,0,0,0
493,1,0,0,0,0,0,0,1,0,0,0,0,0,0,0
494,1,0,0,0,0,0,0,1,0,0,0,0,0,0,0
495,1,0,0,0,0,0,0,1,0,0,0,0,0,0,0
496,1,0,0,0,0,0,0,1,0,0,0,0,0,0,0
497,1,0,0,0,0,0,0,1,0,0,0,0,0,0,0
498,1,0,0,0,0,0,0,1,0,0,0,0,0,0,0
499,1,0,0,0,0,0,0,1,0,0,0,0,0,0,0
500,1,0,0,0,0,0,0,1,0,0,0,0,0,0,0
501,1,0,0,0,0,0,0,1,0,0,0,0,0,0,0
502,1,0,0,0,0,0,0,1,0,0,0,0,0,0,0
503,1,0,0,0,0,0,0,1,0,0,0,0,0,0,0
504,1,0,0,0,0,0,0,1,0,0,0,0,0,0,0
505,1,0,0,0,0,0,0,1,0,0,0,0,0,0,0
506,1,0,0,0,0,0,0,1,0,0,0,0,0,0,0
507,1,0,0,0,0,0,0,1,0,0,0,0,0,0,0
508,1,0,0,0,0,0,0,1,0,0,0,0,0,0,0
509,1,0,0,0,0,0,0,1,0,0,0,0,0,0,0
510,1,0,0,0,0,0,0,1,0,0,0,0,0,0,0
511,1,0,0,0,0,0,0,1,0,0,0,0,0,0,0
512,1,0,0,0,0,0,0,1,0,0,0,0,0,0,0
513,1,0,0,0,0,0,0,1,0,0,0,0,0,0,0
514,1,0,0,0,0,0,0,1,0,0,0,0,0,0,0
515,1,0,0,0,0,0,0,1,0,0,0,0,0,0,0
516,1,0,0,0,0,0,0,1,0,0,0,0,0,0,0
517,1,0,0,0,0,0,0,1,0,0,0,0,0,0,0
518,1,0,0,0,0,0,0,1,0,0,0,0,0,0,0
519,1,0,0,0,0,0,0,1,0,0,0,0,0,0,0
520,1,0,0,0,0,0,0,1,0,0,0,0,0,0,0
521,1,0,0,0,0,0,0,1,0,0,0,0,0,0,0
522,1,0,0,0,0,0,0,1,0,0,0,0,0,0,0
523,1,0,0,0,0,0,0,1,0,0,0,0,0,0,0
524,1,0,0,0,0,0,0,1,0,0,0,0,0,0,0
525,1,0,0,0,0,0,0,1,0,0,0,0,0,0,0
526,1,0,0,0,0,0,0,1,0,0,0,0,0,0,0
527,1,0,0,0,0,0,0,1,0,0,0,0,0,0,0
528,1,0,0,0,0,0,0,1,0,0,0,0,0,0,0
529,1,0,0,0,0,0,0,1,0,0,0,0,0,0,0
530,1,0,0,0,0,0,0,1,0,0,0,0,0,0,0
531,1,0,0,0,0,0,0,1,0,0,0,0,0,0,0
532,1,0,0,0,0,0,0,1,0,0,0,0,0,0,0
533,1,0,0,0,0,0,0,1,0,0,0,0,0,0,0
534,1,0,0,0,0,0,0,1,0,0,0,0,0,0,0
535,1,0,0,0,0,0,0,1,0,0,0,0,0,0,0
536,1,0,0,0,0,0,0,1,0,0,0,0,0,0,0
537,1,0,0,0,0,0,0,1,0,0,0,0,0,0,0
538,1,0,0,0,0,0,0,1,0,0,0,0,0,0,0
539,1,0,0,0,0,0,0,1,0,0,0,0,0,0,0
540,1,0,0,0,0,0,0,1,0,0,0,0,0,0,0
541,1,0,0,0,0,0,0,1,0,0,0,0,0,0,0
542,1,0,0,0,0,0,0,1,0,0,0,0,0,0,0
543,1,0,0,0,0,0,0,1,0,0,0,0,0,0,0
544,1,0,0,0,0,0,0,1,0,0,0,0,0,0,0
545,1,0,0,0,0,0,0,1,0,0,0,0,0,0,0
546,1,0,0,0,0,0,0,1,0,0,0,0,0,0,0
547,1,0,0,0,0,0,0,1,0,0,0,0,0,0,0
548,1,0,0,0,0,0,0,1,0,0,0,0,0,0,0
549,1,0,0,0,0,0,0,1,0,0,0,0,0,0,0
550,1,0,0,0,0,0,0,1,0,0,0,0,0,0,0
551,1,0,0,0,0,0,0,1,0,0,0,0,0,0,0
552,1,0,0,0,0,0,0,1,0,0,0,0,0,0,0
553,1,0,0,0,0,0,0,1,0,0,0,0,0,0,0
554,1,0,0,0,0,0,0,1,0,0,0,0,0,0,0
555,1,0,0,0,0,0,0,1,0,0,0,0,0,0,0
556,1,0,0,0,0,0,0,1,0,0,0,0,0,0,0
557,1,0,0,0,0,0,0,1,0,0,0,0,0,0,0
558,1,0,0,0,0,0,0,1,0,0,0,0,0,0,0
559,1,0,0,0,0,0,0,1,0,0,0,0,0,0,0
560,1,0,0,0,0,0,0,1,0,0,0,0,0,0,0
561,1,0,0,0,0,0,0,1,0,0,0,0,0,0,0
562,1,0,0,0,0,0,0,1,0,0,0,0,0,0,0
563,1,0,0,0,0,0,0,0,0,0,0,0,0,0,0
564,1,0,0,0,0,0,0,0,0,0,0,0,0,0,0
565,1,0,0,0,0,0,0,0,0,0,1,0,0,0,0
566,1,0,0,0,0,0,0,0,0,0,1,0,0,0,0
567,0,0,0,0,0,0,0,0,0,0,0,0,0,0,0
568,1,0,0,0,0,0,0,0,0,0,1,0,0,0,0
569,1,0,0,0,0,0,0,0,0,0,1,0,0,0,0
570,1,0,0,0,0,0,0,0,0,0,0,0,0,0,0
571,1,0,0,0,0,0,0,0,0,0,0,0,0,0,0
572,0,0,0,0,0,0,0,0,0,0,0,0,0,0,0
573,1,0,0,0,0,0,0,0,0,0,0,0,0,0,0
574,1,0,0,0,0,0,0,0,0,0,0,0,0,0,0
575,1,0,0,0,0,0,0,0,0,0,0,0,0,0,0
576,0,0,0,0,0,0,0,0,0,0,0,0,0,0,0
577,0,0,0,0,0,0,0,0,0,0,0,0,0,0,0
578,0,0,0,0,0,0,0,0,0,0,0,0,0,0,0
579,0,0,0,0,0,0,0,0,0,0,0,0,0,0,0
580,0,0,0,0,0,0,0,0,0,0,0,0,0,0,0
581,1,0,0,0,0,0,0,0,0,0,1,0,0,0,0
582,0,0,0,0,0,0,0,0,0,0,1,1,0,0,0
583,0,0,0,0,0,0,0,0,0,0,1,1,0,0,0
584,1,0,0,0,0,0,0,0,0,0,1,1,0,0,0
585,0,0,0,0,0,0,0,0,0,0,1,0,0,0,0
586,0,0,0,1,0,0,0,0,0,0,1,1,0,0,0
587,0,0,0,1,0,0,0,0,0,0,1,1,0,0,0
588,0,0,0,1,0,0,0,0,0,0,1,1,0,0,0
589,1,0,0,1,0,0,0,0,0,0,1,1,0,0,0
590,1,0,0,1,0,0,0,0,0,0,1,1,0,0,0
591,0,0,0,0,0,0,0,0,0,0,1,0,0,0,0
592,0,0,0,0,0,0,0,0,0,0,1,0,0,0,0
593,0,0,0,0,0,0,0,0,0,0,1,1,0,0,0
594,1,0,0,0,0,0,0,0,0,0,1,1,0,0,0
595,1,0,0,0,0,0,0,0,0,0,1,1,0,0,0
596,1,0,0,0,0,0,0,0,0,0,1,1,0,0,0
597,1,0,0,0,0,0,0,0,0,0,1,1,0,0,0
598,0,0,0,0,0,0,0,0,0,0,1,0,0,0,0
599,1,0,0,0,0,0,0,0,0,0,1,0,0,0,0
600,0,0,0,0,0,0,0,0,0,0,1,0,0,0,0
601,0,0,0,1,0,0,0,0,0,0,1,1,0,0,0
602,0,0,0,0,0,0,0,0,0,0,1,0,0,0,0
603,0,0,0,0,0,0,0,0,0,0,1,0,0,0,0
604,1,0,0,0,0,0,0,0,0,0,1,0,0,0,0
605,0,0,0,0,0,0,0,0,0,0,1,0,0,0,0
606,1,0,0,0,0,0,0,0,0,0,1,0,0,0,0
607,0,0,0,0,0,0,0,0,0,0,0,0,0,0,0
608,0,0,0,0,0,0,0,0,0,0,1,0,0,0,0
609,0,0,0,0,0,0,0,0,0,0,0,0,0,0,0
610,1,0,0,0,0,0,0,0,0,0,0,0,0,0,0
611,0,0,0,0,0,0,0,0,0,0,0,0,0,0,0
612,1,0,0,0,0,0,0,0,0,0,0,0,0,0,0
613,0,0,0,0,0,0,0,0,0,0,1,0,0,0,0
614,1,0,0,0,0,0,0,0,0,0,1,0,0,0,0
615,0,0,0,0,0,0,0,0,0,0,1,0,0,0,0
616,0,0,0,0,0,0,0,0,0,0,1,0,0,0,0
617,0,0,0,0,0,0,0,0,0,0,1,0,0,0,0
618,0,0,0,0,0,0,0,0,0,0,1,0,0,0,0
619,0,0,0,0,0,0,0,0,0,0,1,0,0,0,0
620,0,0,0,0,0,0,0,0,0,0,1,0,0,0,0
621,0,0,0,0,0,0,0,0,0,0,1,0,0,0,0
622,0,0,0,0,0,0,0,0,0,0,1,0,0,0,0
623,0,0,0,0,0,0,0,0,0,0,1,0,0,0,0
624,0,0,0,0,0,0,0,0,0,0,0,0,0,0,0
625,0,0,0,0,0,0,0,0,0,0,0,0,0,0,0
626,0,0,0,0,0,0,0,0,0,0,0,0,0,0,0
627,1,0,0,0,0,0,0,1,0,0,0,0,0,0,0
628,0,0,0,0,0,0,0,0,0,0,0,0,0,0,0
629,0,0,0,0,0,0,0,0,0,0,0,0,0,0,0
630,0,0,0,0,0,0,0,0,0,0,0,0,0,0,0
631,1,0,0,0,0,0,0,0,0,0,0,0,0,0,0
632,0,0,0,0,0,0,0,0,0,0,0,0,0,0,0
633,0,0,0,0,0,0,0,0,0,0,0,0,0,0,0
634,0,0,0,0,0,0,0,0,0,0,0,0,0,0,0
635,0,0,0,0,0,0,0,0,0,0,0,0,0,0,0
636,0,0,0,0,0,0,0,0,0,0,0,0,0,0,0
637,0,0,0,0,0,0,0,0,0,0,0,0,0,0,0
638,0,0,0,0,0,0,0,0,0,0,0,0,0,0,0
639,0,0,0,0,0,0,0,0,0,0,0,0,0,0,0
640,0,0,0,0,0,0,0,0,0,0,0,0,0,0,0
641,1,0,0,0,0,0,0,1,0,0,0,1,0,0,0
642,0,0,0,0,0,0,0,0,0,0,0,0,0,0,0
643,0,0,0,0,0,0,0,0,0,0,0,0,0,0,0
644,1,0,0,0,0,0,0,0,0,0,0,0,0,0,0
645,1,0,0,0,0,0,0,0,0,0,0,0,0,0,0
646,0,0,0,0,0,0,0,0,0,0,0,0,0,0,0
647,1,0,0,0,0,0,0,0,0,0,0,0,0,0,0
648,1,0,0,0,0,0,0,0,0,0,0,0,0,0,0
649,1,0,0,0,0,0,0,0,0,0,0,0,0,0,0
650,1,0,0,0,0,0,0,0,0,0,0,0,0,0,0
651,1,0,0,0,0,0,0,1,0,0,0,0,0,0,0
652,0,0,0,0,0,0,0,0,0,0,0,0,0,0,0
653,0,0,0,0,0,0,0,0,0,0,0,0,0,0,0
654,0,0,0,0,0,0,0,0,0,0,0,0,0,0,0
655,0,0,0,0,0,0,0,0,0,0,0,0,0,0,0
656,0,0,0,0,0,0,0,0,0,0,0,0,0,0,0
657,1,0,0,0,0,0,0,0,0,0,0,0,0,0,0
658,0,0,0,0,0,0,0,0,0,0,0,0,0,0,0
659,0,0,0,0,0,0,0,0,0,0,0,0,0,0,0
660,1,0,0,0,0,0,0,0,0,0,0,0,0,0,0
661,1,0,0,0,0,0,0,0,0,0,0,0,0,0,0
662,0,0,0,0,0,0,0,0,0,0,0,0,0,0,0
663,1,0,0,0,0,0,0,0,0,0,0,0,0,0,0
664,0,0,0,0,0,0,0,0,0,0,0,0,0,0,0
665,0,0,0,0,0,0,0,0,0,0,0,0,0,0,0
666,0,0,0,0,0,0,0,0,0,0,0,0,0,0,0
667,0,0,0,0,0,0,1,0,0,0,0,0,0,0,0
668,0,0,0,0,0,0,1,0,0,0,0,0,0,0,0
669,0,0,0,0,0,0,0,0,0,0,0,0,0,0,0
670,1,0,0,0,0,0,0,0,0,0,0,0,0,0,0
671,1,0,0,0,0,0,0,1,0,0,0,0,0,0,0
672,0,0,0,0,0,0,0,0,0,0,0,0,0,0,0
673,1,0,0,0,0,0,0,0,0,0,0,0,0,0,0
674,1,0,0,0,0,0,0,0,0,0,0,0,0,0,0
675,1,0,0,0,0,0,0,1,0,0,0,0,0,0,0
676,0,0,0,0,0,0,0,0,0,0,0,0,0,0,0
677,0,0,0,0,0,0,0,0,0,0,0,0,0,0,0
678,0,0,0,0,0,0,0,0,0,0,0,0,0,0,0
679,1,0,0,1,0,0,0,0,0,0,0,1,0,0,0
680,0,0,0,1,0,0,0,0,0,0,0,1,0,0,0
681,0,0,0,1,0,0,0,0,0,0,0,1,0,0,0
682,0,0,0,0,0,0,0,0,0,0,0,0,0,0,0
683,0,0,0,0,0,0,0,0,0,0,0,0,0,0,0
684,0,0,0,0,0,0,0,0,0,0,0,0,0,0,0
685,0,0,0,0,0,0,0,0,0,0,0,0,0,0,0
686,0,0,0,0,0,0,0,0,0,0,0,0,0,0,0
687,0,0,0,0,0,0,0,0,0,0,0,0,0,0,0
688,0,0,0,0,0,0,0,0,0,0,0,0,0,0,0
689,0,0,0,0,0,0,0,0,0,0,0,0,0,0,0
690,0,0,0,0,0,0,0,0,0,0,0,0,0,0,0
691,0,0,0,0,0,0,0,0,0,0,0,0,0,0,0
692,0,0,0,0,0,0,0,0,0,0,0,0,0,0,0
693,0,0,0,0,0,0,0,0,0,0,0,1,0,0,0
694,0,0,0,0,0,0,0,0,0,0,0,0,0,0,0
695,0,0,0,0,0,0,0,0,0,0,0,0,0,0,0
696,0,0,0,0,0,0,0,0,0,0,0,0,0,0,0
697,0,0,0,0,0,0,0,0,0,0,0,0,0,0,0
698,0,0,0,0,0,0,0,0,0,0,0,0,0,0,0
699,0,0,0,0,0,0,0,0,0,0,0,0,0,0,0
700,0,0,0,0,0,0,0,0,0,0,0,0,0,0,0
701,0,0,0,0,0,0,0,0,0,0,0,0,0,0,0
702,0,0,0,0,0,0,0,0,0,0,0,0,0,0,0
703,0,0,0,0,0,0,0,0,0,0,0,0,0,0,0
704,0,0,0,0,0,0,0,0,0,0,0,0,0,0,0
705,0,0,0,0,0,0,0,0,0,0,0,0,0,0,0
706,0,0,0,0,0,0,0,0,0,0,0,0,0,0,0
707,0,0,0,0,0,0,0,0,0,0,0,0,0,0,0
708,1,0,0,0,0,0,0,1,0,0,0,0,0,0,0
709,0,0,0,0,0,0,0,0,0,0,0,0,0,0,0
710,0,0,0,0,0,0,0,0,0,0,0,0,0,0,0
711,0,0,0,0,0,0,0,0,1,0,0,0,0,0,0
712,0,0,0,0,0,0,0,0,0,0,0,0,0,0,0
713,0,0,0,0,0,0,0,0,0,0,1,0,0,0,0
714,1,0,0,0,0,0,0,0,0,0,0,0,0,0,0
715,0,0,0,0,0,0,0,0,0,0,1,0,0,0,0
716,0,0,0,0,0,0,0,0,0,0,1,0,0,0,0
717,0,0,0,0,0,0,0,0,0,0,1,1,0,0,0
718,0,0,0,0,0,0,0,0,0,0,1,0,0,0,0
719,1,0,0,0,0,1,0,0,0,0,0,0,0,0,1
720,1,0,0,0,0,1,0,0,0,0,0,0,0,0,1
721,1,0,0,0,0,1,0,0,0,0,0,0,0,0,1
722,1,0,0,0,0,1,1,0,0,0,0,0,0,0,1
723,1,0,0,0,0,0,0,0,0,0,0,0,0,0,1
724,1,0,0,0,0,0,0,0,0,0,0,0,0,0,1
725,1,0,0,0,0,0,0,0,0,0,0,0,0,0,1
726,1,0,0,0,0,0,1,0,0,0,0,0,0,0,1
727,1,0,0,0,0,0,1,0,0,0,0,0,0,0,1
728,1,0,0,0,0,0,1,0,0,0,0,0,0,0,1
729,1,0,0,0,0,0,1,0,0,0,0,0,0,0,1
730,1,0,0,0,0,0,1,0,0,0,0,0,0,0,1
731,1,0,0,0,0,0,1,0,0,0,0,0,0,0,1
732,1,0,0,0,0,0,1,0,0,0,0,0,0,0,1
733,1,0,0,0,0,0,1,0,0,0,0,0,0,0,1
734,1,0,0,0,0,0,1,0,0,0,0,0,0,0,1
735,1,0,0,0,0,0,1,0,0,0,0,0,0,0,1
736,1,0,0,0,0,0,1,0,0,0,0,0,0,0,1
737,1,0,0,0,0,0,1,0,0,0,0,0,0,0,1
738,1,0,0,0,0,0,1,0,0,0,0,0,0,0,1
739,1,0,0,0,0,0,1,0,0,0,0,0,0,0,1
740,1,0,0,0,0,0,1,0,0,0,0,0,0,0,1
741,1,0,0,0,0,0,1,0,0,0,0,0,0,0,1
742,1,0,0,0,0,0,1,0,0,0,0,0,0,0,1
743,1,0,0,0,0,0,1,0,0,0,0,0,0,0,1
744,1,0,0,0,0,1,1,1,0,0,0,0,0,0,1
745,1,0,0,0,0,1,1,0,0,0,0,0,0,0,1
746,1,0,0,1,0,1,1,0,0,0,0,0,0,0,1
747,1,0,0,1,0,1,1,0,0,0,0,1,0,0,1
748,1,0,0,1,0,1,1,0,0,0,0,1,0,0,1
749,1,0,0,0,0,1,1,0,0,0,0,0,0,0,1
750,1,0,0,0,0,0,1,0,0,0,0,0,0,0,1
751,1,0,0,0,0,0,1,1,0,0,0,0,0,0,1
752,1,0,0,0,0,0,1,0,0,0,0,0,0,0,1
753,1,0,0,1,0,0,1,0,0,0,0,0,0,0,1
754,1,0,0,1,0,0,1,0,0,0,0,1,0,0,1
755,1,0,0,0,0,0,1,0,0,0,0,0,0,0,1
756,1,0,0,0,0,0,1,0,0,0,0,0,0,0,1
757,1,0,0,0,0,0,1,0,0,0,0,0,0,0,1
758,1,0,0,1,0,0,1,0,0,0,0,0,0,0,1
759,1,0,0,1,0,0,1,0,0,0,0,1,0,0,1
760,1,0,0,1,0,0,1,0,0,0,0,1,0,0,1
761,1,0,0,0,0,0,1,0,0,0,0,0,0,0,1
762,1,0,0,0,0,0,1,0,0,0,0,0,0,0,1
763,1,0,0,0,0,0,1,1,0,0,0,0,0,0,1
764,1,0,0,0,0,0,1,0,0,0,0,0,0,0,1
765,1,0,0,1,0,0,1,0,0,0,0,0,0,0,1
766,1,0,0,1,0,0,1,0,0,0,0,1,0,0,1
767,1,0,0,0,0,0,1,0,0,0,0,0,0,0,1
768,1,1,0,0,0,0,0,0,0,1,0,0,0,0,1
769,1,1,0,0,0,0,0,0,0,0,0,0,0,0,1
770,1,1,0,0,0,0,0,0,0,0,0,0,0,0,1
771,1,1,0,0,0,0,0,0,0,0,0,0,0,0,1
772,1,1,0,0,0,0,0,0,0,0,0,0,0,0,1
773,1,1,0,0,0,0,0,0,0,0,0,0,0,0,1
774,1,1,0,0,0,0,0,0,0,0,0,0,0,0,1
775,1,1,0,0,0,0,0,0,0,0,0,0,0,0,1
776,1,1,0,0,0,0,0,0,0,0,0,0,0,0,1
777,1,1,0,0,0,0,0,0,0,0,0,0,0,0,1
778,1,1,0,0,0,0,0,0,0,0,0,0,0,0,1
779,1,1,0,0,0,0,0,0,0,0,0,0,0,0,1
780,1,1,0,0,0,0,0,0,0,0,0,0,0,0,1
781,1,1,0,0,0,0,0,0,0,0,0,0,0,0,1
782,1,1,0,0,0,0,0,0,0,0,0,0,0,0,1
783,1,1,0,0,0,0,0,0,0,0,0,0,0,0,1
784,1,1,0,0,0,0,0,0,0,0,0,0,0,0,1
785,0,0,0,0,0,0,0,0,0,0,0,0,0,0,1
786,1,0,0,0,0,0,0,0,0,0,0,0,0,0,1
787,1,0,0,0,0,0,0,0,0,0,0,0,0,0,1
788,1,0,0,0,0,0,0,0,0,0,1,0,0,0,1
789,0,0,0,0,0,0,0,0,0,0,0,0,0,0,1
790,1,0,0,0,0,0,0,0,0,0,0,0,0,0,1
791,0,0,0,0,0,0,0,1,0,0,0,0,0,0,1
792,1,0,0,0,0,0,0,0,0,0,0,0,0,0,1
793,1,0,0,1,0,0,0,0,0,0,0,0,0,0,1
794,1,0,0,0,0,0,0,0,0,0,1,0,0,0,1
795,1,0,0,0,0,0,0,0,0,0,0,0,0,0,1
796,0,0,0,0,0,0,0,0,0,0,0,0,0,0,1
797,0,0,0,0,0,0,0,0,0,0,1,0,0,0,1
798,1,0,0,0,0,1,0,1,0,0,0,0,0,0,1
799,1,0,0,0,0,1,1,1,0,0,0,0,0,0,1
800,1,0,0,1,0,0,0,1,0,0,0,1,0,0,1
801,1,0,0,0,0,0,1,1,0,0,0,0,0,0,1
802,0,0,0,0,0,0,0,0,0,0,1,0,0,0,0
803,1,0,0,0,0,0,0,0,0,0,0,0,0,0,0
804,1,0,0,0,0,0,0,0,0,0,0,0,0,0,0
805,0,0,0,0,0,0,0,0,0,0,0,0,0,0,0
806,0,0,0,0,0,0,0,0,0,0,0,0,0,0,0
807,1,0,0,0,0,0,0,0,0,0,0,0,0,0,1
808,1,0,0,1,0,0,0,0,0,0,0,0,0,0,0
809,0,0,0,0,0,0,0,0,0,0,0,0,0,0,0
810,1,0,0,0,0,0,0,1,0,0,1,0,0,0,0
811,0,0,0,0,0,0,0,0,0,0,0,0,0,0,0
812,0,0,0,0,0,0,0,0,0,0,0,0,0,0,0
813,0,0,0,0,0,0,0,0,0,0,1,0,0,0,0
814,1,0,0,0,0,0,0,0,0,0,0,0,0,0,0
815,0,0,0,0,0,0,0,0,0,0,0,0,0,0,1
816,0,0,0,0,0,0,0,0,0,0,1,0,0,0,0
817,1,0,0,0,0,0,0,0,0,0,0,0,0,0,0
818,1,0,0,0,0,0,0,1,0,0,0,0,0,0,0
819,0,0,0,0,0,0,0,0,0,0,0,0,0,0,0
820,1,1,0,0,0,0,0,0,0,0,0,0,0,0,1
821,1,0,0,0,0,0,0,0,0,0,0,0,0,0,0
822,0,0,0,1,0,0,0,0,0,0,1,0,0,0,1
823,1,0,0,0,0,0,0,1,0,0,0,0,0,0,0
824,0,0,0,0,0,0,0,0,0,0,0,0,0,0,0
825,0,0,0,0,0,0,0,0,0,0,0,0,0,0,0
826,0,0,0,0,0,0,0,0,0,0,0,0,0,0,0
827,1,0,0,0,0,0,0,1,0,0,0,0,0,0,0
828,1,0,0,0,0,0,0,1,0,0,0,0,0,0,0
829,1,1,0,0,0,0,0,0,0,0,0,0,0,0,1
830,0,0,0,0,0,0,0,0,0,0,0,0,0,0,1
831,1,0,0,0,0,0,0,1,0,0,0,0,0,0,0
832,0,0,0,0,0,0,0,0,0,0,0,0,0,0,0
833,1,0,0,0,0,0,0,0,0,0,0,0,0,0,0
834,1,0,0,0,0,0,0,0,0,0,0,0,0,0,0
835,1,0,0,0,0,0,0,0,0,0,0,0,0,0,0
836,1,0,0,0,0,0,0,0,0,0,0,0,0,0,0
837,1,0,0,0,0,0,0,0,0,0,0,0,0,0,1
838,1,0,0,0,0,0,0,0,0,0,0,0,0,0,0
839,0,0,0,0,0,0,0,1,0,0,0,0,0,0,1
840,1,0,0,0,0,1,0,0,0,0,0,0,0,0,1
841,1,0,0,0,0,0,0,0,0,0,0,0,0,0,1
842,1,0,0,0,0,0,0,0,0,0,0,0,0,0,0
843,1,0,0,0,0,0,0,0,0,0,0,0,0,0,0
844,1,0,0,1,0,0,1,0,0,0,0,0,0,0,1
845,1,0,0,0,0,0,0,0,0,0,1,0,0,0,0
846,1,0,0,0,0,0,0,0,0,0,0,0,0,0,0
847,0,0,0,0,0,0,0,0,0,0,0,0,0,0,0
848,0,0,0,0,0,0,0,0,0,0,0,0,0,0,0
849,0,0,0,0,0,0,0,0,0,0,1,0,0,0,0
850,0,0,0,0,0,0,0,0,0,0,0,0,0,0,0
851,1,0,0,0,0,0,0,1,0,0,0,0,0,0,0
852,0,0,0,0,0,0,0,0,0,0,0,0,0,0,0
853,1,0,0,0,0,0,0,0,0,0,1,0,0,0,0
854,1,0,0,0,0,0,0,0,0,0,0,0,0,0,0
855,1,0,0,0,0,0,0,0,0,0,0,0,0,0,0
856,1,0,0,0,0,0,0,0,0,0,0,0,0,0,1
857,1,0,0,0,0,0,0,0,0,0,0,0,0,0,0
858,0,0,0,0,0,0,0,0,0,0,0,0,0,0,0
859,0,0,0,0,0,0,0,0,0,0,0,0,0,0,0
860,0,0,0,0,0,0,0,0,0,0,1,0,0,0,0
861,1,0,0,0,0,0,0,0,0,0,0,0,0,0,0
862,1,0,0,0,0,0,0,0,0,0,1,0,0,0,0
863,1,0,0,0,0,0,0,1,0,0,0,0,0,0,0
864,1,0,0,1,0,0,0,1,0,0,0,1,0,0,1
865,0,0,0,0,0,0,0,0,0,0,0,0,0,0,0
866,0,0,0,0,0,0,0,0,0,0,1,0,0,0,0
867,1,0,0,0,0,0,1,0,0,0,0,0,0,0,0
868,0,0,0,0,0,0,0,0,0,0,0,0,0,0,0
869,0,0,0,0,0,0,0,0,0,0,1,1,0,0,0
870,1,0,0,0,0,0,0,1,0,0,0,0,0,0,0
871,0,0,0,0,0,0,0,0,0,0,0,0,0,0,0
872,1,1,0,0,0,0,0,0,0,0,0,0,0,0,1
873,0,0,0,0,0,0,0,0,0,0,0,0,0,0,0
874,1,1,0,0,0,0,0,0,0,1,0,0,0,0,1
875,1,0,0,0,0,0,0,1,0,0,0,0,0,0,0
876,1,0,0,0,0,1,0,0,0,0,0,0,0,0,1
877,0,0,0,0,0,0,0,0,0,0,1,0,0,0,0
878,1,0,0,0,0,1,1,0,0,0,0,0,0,0,1
879,1,0,0,0,0,0,0,1,0,0,0,0,0,0,0
880,0,0,0,0,0,0,0,0,0,0,0,0,0,0,0
881,0,0,0,0,0,0,0,0,0,0,1,0,0,0,0
882,0,0,0,0,0,0,0,0,0,0,1,0,0,0,0
883,1,0,0,0,0,0,0,0,0,0,0,0,0,0,0
884,1,0,0,0,0,0,0,1,0,0,0,0,0,0,0
885,1,0,0,0,0,0,0,0,0,0,0,0,0,0,0
886,0,0,0,0,0,0,0,0,0,0,0,0,0,0,0
887,1,0,0,0,0,0,0,0,0,0,1,1,0,0,0
888,0,0,0,0,0,0,0,0,0,0,0,0,0,0,0
889,1,0,0,0,0,0,0,0,0,0,0,0,0,0,0
890,0,0,0,0,0,0,0,0,0,0,0,0,0,0,0
891,1,0,0,0,0,1,1,0,0,0,0,0,0,0,1
892,0,0,0,0,0,0,0,0,0,0,0,1,0,0,0
893,1,0,0,0,0,0,0,0,0,0,0,0,0,0,0
894,0,0,0,0,0,0,0,0,0,0,0,0,0,0,0
895,0,0,0,0,0,0,0,0,0,0,0,0,0,0,0
896,0,0,0,0,0,0,0,0,0,0,1,0,0,0,0
897,0,0,0,0,0,0,0,0,0,0,0,0,0,0,0
898,1,0,0,0,0,0,0,1,0,0,0,0,0,0,0
899,0,0,0,0,0,0,0,0,0,0,0,0,0,0,0
900,0,0,0,0,0,0,0,0,0,0,1,0,0,0,0
901,1,0,0,0,0,0,0,0,0,0,1,0,0,0,0
902,1,0,0,0,1,0,1,0,0,0,0,0,0,0,1
903,0,0,0,0,1,0,0,0,0,0,0,0,0,0,0
904,1,0,0,0,0,0,0,0,0,0,0,0,0,0,0
905,1,0,0,0,0,0,0,1,0,0,0,0,0,0,0
906,1,0,0,0,0,0,0,0,0,0,1,0,0,0,0
907,0,0,0,0,0,0,0,0,0,0,0,0,0,0,0
908,0,0,0,0,0,0,0,0,0,0,0,0,0,0,0
909,1,0,0,0,0,0,0,1,0,0,0,0,0,0,0
910,1,1,0,0,0,0,0,0,0,0,0,0,0,0,1
911,1,0,0,0,0,0,0,0,0,0,0,0,0,0,0
912,1,0,0,0,0,0,0,0,0,0,0,0,0,0,0
913,1,1,0,0,0,0,0,0,0,1,0,0,0,0,1
914,0,0,0,0,0,0,0,0,0,0,0,0,0,0,0
915,0,0,0,0,0,0,0,0,0,0,0,0,0,0,0
916,1,0,0,0,0,0,1,0,0,0,0,0,0,0,1
917,1,0,0,0,0,0,0,1,0,0,0,0,0,0,0
918,1,0,0,0,0,0,0,1,0,0,0,0,0,0,0
919,1,0,0,0,0,0,0,0,0,0,0,0,0,0,0
920,0,0,0,0,0,0,0,0,0,0,0,0,0,0,0
921,1,1,0,0,0,0,0,0,0,0,0,0,0,0,1
922,1,0,0,0,0,0,0,0,0,0,0,0,0,0,1
923,1,0,1,0,0,0,0,1,0,0,0,0,0,0,0
924,1,0,0,0,0,0,0,0,0,0,0,1,0,0,0
925,1,0,0,0,0,0,0,0,0,0,1,0,0,0,0
926,1,0,0,0,0,0,0,1,0,0,0,0,0,0,0
927,1,0,0,0,0,0,0,0,0,0,0,0,0,0,0
928,0,0,0,0,0,0,0,0,0,0,1,0,0,0,0
929,1,1,0,0,0,0,0,0,0,0,0,0,0,0,1
930,0,0,0,0,0,0,0,0,0,0,0,0,0,0,0
931,0,0,0,0,0,0,0,0,0,0,1,0,0,0,0
932,1,0,0,0,1,0,0,0,0,0,0,0,0,0,1
933,1,0,0,0,0,0,0,0,0,0,1,0,0,0,0
934,1,0,0,0,0,0,1,0,0,0,0,0,0,0,1
935,1,0,0,0,0,0,0,1,0,0,0,0,0,0,0
936,0,0,0,0,0,0,0,0,0,0,0,0,0,0,0
937,1,0,0,1,0,0,0,0,0,0,1,1,0,0,0
938,1,0,0,0,0,0,0,0,0,0,0,0,0,0,0
939,0,0,0,0,0,0,0,0,0,0,0,0,0,0,0
940,1,0,0,0,0,1,1,0,0,0,0,0,0,0,1
941,1,0,0,0,0,0,0,1,0,0,0,0,0,0,0
942,0,0,0,0,0,0,0,0,0,0,0,0,0,0,0
943,1,0,0,0,0,0,0,1,0,0,0,0,0,0,0
944,1,0,0,0,0,0,0,0,0,0,0,0,0,0,0
945,1,0,0,0,0,0,0,0,0,0,0,0,0,0,0
946,1,0,0,0,0,0,1,0,0,0,0,0,0,0,0
947,1,0,0,0,0,0,0,0,0,0,1,1,0,0,0
948,0,0,0,0,0,0,0,0,0,0,0,0,0,0,0
949,0,0,0,0,0,0,0,0,0,0,0,0,0,0,0
950,1,0,0,0,0,0,0,0,0,0,0,0,0,0,0
951,1,0,0,0,0,0,0,1,0,0,0,0,0,0,0
952,0,0,0,0,0,0,0,0,0,0,0,0,0,0,0
953,0,0,0,0,0,0,0,0,0,0,1,0,0,0,0
954,1,0,0,0,0,0,0,0,0,0,0,0,0,0,0
955,1,0,0,1,0,0,0,0,0,0,0,0,0,0,1
956,1,0,0,0,0,0,0,1,0,0,0,0,0,0,0
957,0,0,0,0,0,0,0,0,0,0,0,0,0,0,0
958,1,0,0,0,0,0,0,1,0,0,0,0,0,0,0
959,0,0,0,0,0,0,0,0,0,0,1,0,0,0,0
960,1,0,0,1,0,0,1,0,0,0,0,1,0,0,1
961,1,0,0,0,0,0,0,0,0,0,0,0,0,0,0
962,0,0,0,0,0,0,0,0,0,0,1,0,0,0,0
963,1,0,0,0,0,0,0,0,0,0,0,1,0,0,0
964,1,0,0,0,0,0,0,0,0,0,0,0,0,0,0
965,1,0,0,1,0,0,0,1,0,0,0,1,0,0,1
966,1,0,0,0,0,0,0,0,0,0,0,0,0,0,0
967,1,0,0,0,0,0,1,0,0,0,0,0,0,0,0
968,0,0,0,0,0,0,0,0,0,0,0,0,0,0,0
969,0,0,0,0,0,0,0,0,0,0,0,0,0,0,0
970,0,0,0,0,0,0,0,0,0,1,0,0,0,0,0
971,1,0,0,0,0,0,0,0,0,0,0,0,0,0,0
972,0,0,0,0,0,0,0,0,0,0,0,0,0,0,0
973,1,1,0,0,0,0,0,0,0,0,0,0,0,0,1
974,1,0,0,0,0,0,0,1,0,0,1,0,0,0,0
975,1,0,0,0,0,0,0,0,0,0,0,0,0,0,0
976,0,0,0,0,0,0,0,0,0,0,0,0,0,0,0
977,1,0,0,0,0,0,0,0,0,0,0,0,0,0,1
978,1,0,0,0,0,0,0,0,0,0,0,0,0,0,0
979,1,0,0,0,0,0,1,0,0,0,0,0,0,0,1
980,1,0,0,0,0,0,0,0,0,0,0,0,0,0,1
981,1,0,0,0,0,0,0,1,0,0,0,0,0,0,0
982,0,0,0,0,0,0,0,0,0,0,1,0,0,0,0
983,1,0,0,0,0,0,0,1,0,0,0,0,0,0,0
984,1,0,0,0,0,0,0,0,0,0,0,0,0,0,0
985,0,0,0,0,0,0,0,0,0,0,0,1,0,0,0
986,1,0,0,0,0,0,0,0,0,0,0,0,0,0,0
987,1,0,0,1,0,0,0,0,0,0,1,1,0,0,0
988,0,0,0,0,0,0,0,0,0,0,0,0,0,0,0
989,1,0,0,0,0,0,1,0,0,0,0,0,0,0,0
990,1,0,0,0,0,0,0,1,0,0,0,0,0,0,0
991,1,1,0,0,1,0,0,0,0,0,0,0,0,0,0
992,1,0,0,0,0,0,0,0,0,0,0,1,0,0,1
993,0,0,0,0,0,0,0,0,0,0,0,0,0,0,0
994,1,0,0,1,0,0,1,0,0,0,0,1,0,0,1
995,1,0,0,1,0,0,0,0,0,0,0,0,0,0,1
996,1,0,0,0,0,0,0,0,0,0,0,0,0,0,0
997,1,0,0,0,0,0,1,0,0,0,0,0,0,0,0
998,1,0,0,0,0,0,0,0,0,0,0,1,0,0,1
999,1,0,0,1,0,0,0,0,0,0,0,0,0,0,1
1000,1,0,0,0,0,0,0,0,0,0,0,0,0,0,1
1001,0,0,0,0,0,0,0,0,0,0,0,0,0,0,0
1002,0,0,0,0,0,0,0,0,0,0,0,0,0,0,0
1003,0,0,0,0,0,0,0,0,0,0,0,0,0,0,0
1004,1,0,0,0,0,0,0,0,0,0,0,0,0,0,0
1005,1,0,0,0,0,0,0,1,0,0,0,1,0,0,1
1006,0,0,0,0,0,0,0,0,0,0,0,1,0,0,0
1007,1,0,0,0,1,0,1,0,0,0,0,0,0,0,1
1008,1,0,0,0,1,0,1,0,0,0,0,0,0,0,1
1009,1,0,0,0,1,0,1,0,0,0,0,0,0,0,1
1010,1,0,0,0,1,0,1,0,0,0,0,0,0,0,1
1011,0,1,0,1,1,0,0,0,0,0,0,0,0,0,1
1012,1,0,0,1,0,0,0,0,0,0,0,1,0,0,1
1013,1,0,0,1,0,0,0,0,0,0,0,1,0,0,1
1014,1,0,0,0,0,0,0,0,0,0,0,0,0,0,1
1015,1,0,0,0,0,0,0,0,0,0,0,1,0,0,1
1016,1,0,0,0,0,0,0,0,0,0,0,0,0,0,1
1017,1,0,0,0,0,0,0,0,0,0,0,0,0,0,1
1018,1,0,0,0,0,0,0,0,0,0,0,0,0,0,1
1019,1,0,0,1,0,0,0,0,0,0,0,0,0,0,1
1020,1,0,0,1,0,0,0,0,0,0,0,0,0,0,1
1021,1,0,0,0,0,0,0,0,0,0,0,0,0,0,1
1022,1,0,0,1,0,0,0,1,0,0,0,1,0,0,1
1023,0,0,0,0,0,0,1,1,0,0,0,0,0,0,1
1024,0,0,0,0,0,0,1,1,0,0,0,0,0,0,1
1025,1,0,0,0,0,0,0,0,0,0,0,0,0,0,1
1026,0,0,0,0,0,0,1,0,0,0,0,0,0,0,1
1027,1,0,0,0,0,0,0,0,0,0,0,0,0,0,1
1028,1,0,0,0,0,0,0,0,0,0,0,0,0,0,1
1029,0,0,0,0,0,0,0,0,1,0,0,0,0,0,1
1030,0,0,0,0,0,0,0,0,1,0,0,0,0,0,1
1031,1,0,0,1,0,0,0,0,0,0,0,1,0,0,1
1032,1,0,0,0,0,0,0,0,0,0,0,0,0,0,1
1033,0,0,0,0,0,0,1,0,0,0,0,0,0,0,1
1034,0,0,0,0,0,0,1,0,0,0,0,0,0,0,1
1035,1,0,0,0,0,0,0,1,0,0,0,0,0,0,1
1036,1,0,0,0,0,0,1,0,0,0,0,0,0,0,1
1037,0,0,0,1,0,0,0,1,0,0,0,1,0,0,1
1038,0,0,0,1,0,0,0,1,0,0,0,1,0,0,1
1039,1,0,0,0,0,0,0,0,0,0,0,0,0,0,1
1040,0,0,0,0,0,0,1,0,0,0,0,0,0,0,1
1041,0,0,0,0,0,0,0,0,0,0,0,0,0,0,0
1042,0,0,0,0,0,0,0,0,0,0,0,0,0,0,0
1043,0,0,0,0,0,0,0,0,0,0,0,0,0,0,0
1044,0,0,0,0,0,0,0,0,0,0,0,0,0,0,0
1045,0,0,0,0,0,0,0,0,0,0,0,0,0,0,0
1046,1,0,0,0,0,0,0,0,0,0,0,0,0,0,0
1047,1,0,0,0,0,0,0,0,0,0,0,0,0,0,0
1048,1,0,0,0,0,0,0,0,0,0,0,0,0,0,0
1049,1,0,0,0,0,0,0,0,0,0,0,0,0,0,0
1050,1,0,0,0,0,0,0,0,0,0,1,0,0,0,0
1051,1,0,0,0,0,0,0,0,0,0,1,0,0,0,0
1052,0,0,0,0,0,0,0,0,0,0,0,0,0,0,0
1053,0,0,0,0,0,0,1,0,0,0,0,0,0,0,0
1054,0,0,0,0,0,0,0,0,0,0,0,0,0,0,0
1055,0,0,0,0,0,0,0,0,0,0,0,0,0,0,0
1056,0,0,0,0,0,0,0,0,0,0,0,0,0,0,0
1057,1,0,0,0,0,0,0,0,0,0,0,0,0,0,0
1058,0,0,0,0,0,0,0,0,0,0,0,0,0,0,0
1059,1,0,0,0,0,0,0,0,0,0,0,0,0,0,0
1060,1,0,0,0,0,0,0,0,0,0,0,0,0,0,0
1061,1,0,0,0,0,0,0,0,0,0,0,0,0,0,0
1062,1,0,0,0,0,0,0,0,0,0,0,0,0,0,0
1063,0,0,0,0,0,0,0,0,0,0,0,0,0,0,0
1064,1,0,0,0,0,0,0,1,0,0,0,0,0,0,0
1065,1,0,0,0,0,0,0,1,0,0,0,1,0,0,0
1066,1,0,0,0,0,0,1,1,0,0,0,0,0,0,0
1067,0,0,0,0,0,0,0,1,0,0,0,0,0,0,0
1068,0,0,0,0,0,0,0,1,0,0,0,0,0,0,0
1069,1,0,0,0,0,0,0,1,0,0,0,0,0,0,0
1070,1,0,0,0,0,0,0,1,0,0,0,0,0,0,0
1071,1,0,0,0,0,0,0,1,0,0,0,0,0,0,0
1072,1,0,0,0,0,0,0,1,0,0,0,0,0,0,0
1073,1,0,0,0,0,0,0,0,0,0,0,1,0,0,0
1074,1,0,0,0,0,0,0,0,0,0,0,1,0,0,0
1075,1,0,0,0,0,0,0,0,0,0,0,1,0,0,0
1076,1,0,0,0,0,0,0,0,0,0,0,1,0,0,0
1077,1,0,0,0,0,0,0,0,0,0,0,1,0,0,0
1078,1,0,0,0,0,0,0,0,0,0,0,1,0,0,0
1079,1,0,0,0,0,0,0,0,0,0,0,0,0,0,0
1080,1,0,0,0,0,0,0,0,0,0,0,0,0,0,0
1081,1,0,0,0,0,0,0,0,0,0,0,0,0,0,0
1082,1,0,0,0,0,0,0,0,0,0,0,0,0,0,0
1083,1,0,0,0,0,0,0,0,0,0,0,0,0,0,0
1084,1,0,0,0,0,0,0,0,0,0,0,0,0,0,0
1085,1,0,0,0,0,0,0,0,0,0,0,0,0,0,0
1086,1,0,0,0,0,0,0,0,0,0,0,0,0,0,0
1087,0,0,0,0,0,0,0,0,0,0,0,0,0,0,0
1088,0,0,0,0,0,0,0,0,1,0,0,0,0,0,0
1089,0,0,0,0,0,0,0,0,1,0,0,0,0,0,0
1090,0,0,0,0,0,0,0,0,1,0,0,1,0,0,0
1091,0,0,0,0,0,0,0,0,1,0,0,0,0,0,0
1092,0,0,0,0,0,0,0,0,1,0,0,0,0,0,0
1093,0,0,0,0,0,0,0,0,1,0,0,0,0,0,0
1094,0,0,0,0,0,0,0,0,1,0,0,0,0,0,0
1095,0,0,0,0,0,0,0,0,1,0,0,0,0,0,0
1096,0,0,0,0,0,0,1,0,0,0,0,0,0,0,0
1097,0,0,0,0,0,0,1,0,0,0,0,0,0,0,0
1098,0,0,0,0,0,0,0,0,0,0,0,0,0,0,0
1099,0,0,0,0,0,0,0,0,0,0,0,0,0,0,0
1100,0,0,0,0,0,0,0,0,0,0,0,0,0,0,0
1101,1,0,0,0,0,0,0,0,0,0,0,0,0,0,0
1102,1,0,0,0,0,0,0,1,0,0,0,0,0,0,0
1103,1,0,0,0,0,0,0,1,0,0,0,0,0,0,0
1104,1,0,0,0,0,0,0,1,0,0,0,0,0,0,0
1105,1,0,0,0,0,0,0,1,0,0,0,0,0,0,0
1106,1,0,0,0,0,0,0,1,0,0,0,0,0,0,0
1107,1,0,0,0,0,0,0,0,0,0,0,0,0,0,0
1108,1,0,0,0,0,0,0,1,0,0,0,0,0,0,0
1109,1,0,0,0,0,0,0,1,0,0,0,0,0,0,0
1110,1,0,0,0,0,0,0,1,0,0,0,0,0,0,0
1111,1,0,0,0,0,0,0,1,0,0,0,0,0,0,0
1112,1,0,0,0,0,0,0,1,0,0,0,0,0,0,0
1113,1,0,0,0,0,0,0,1,0,0,0,0,0,0,0
1114,1,0,0,0,0,0,0,0,0,0,0,0,0,0,0
1115,1,0,0,0,0,0,0,1,0,0,0,0,0,0,0
1116,0,0,0,0,0,0,0,0,0,0,0,1,0,0,0
1117,1,0,0,0,0,0,0,1,0,0,0,0,0,0,0
1118,1,0,0,0,0,0,0,1,0,0,0,0,0,0,0
1119,1,0,0,0,0,0,0,1,0,0,0,0,0,0,0
1120,1,0,0,0,0,0,0,1,0,0,0,0,0,0,0
1121,0,0,0,0,0,0,0,0,0,0,0,0,0,0,0
1122,1,0,0,0,0,0,0,1,0,0,0,0,0,0,0
1123,0,0,0,0,0,0,0,0,0,0,0,0,0,0,0
1124,0,0,0,0,0,0,0,0,0,0,0,0,0,0,0
1125,1,0,0,0,0,0,0,0,0,0,0,0,0,0,0
1126,1,0,0,0,0,0,0,0,0,0,0,0,0,0,0
1127,0,0,0,0,0,0,0,0,0,0,0,0,0,0,0
1128,1,0,0,0,0,0,0,0,0,0,0,0,0,0,0
1129,1,0,0,0,0,0,0,0,0,0,0,0,0,0,0
1130,1,0,0,0,0,0,0,0,0,0,0,0,0,0,0
1131,1,0,0,0,0,0,0,0,0,0,0,0,0,0,0
1132,1,0,0,0,0,0,0,0,0,0,0,0,0,0,0
1133,0,0,0,0,0,0,0,0,0,0,0,0,0,0,0
1134,0,0,0,0,0,0,0,1,0,0,0,0,0,0,0
1135,1,0,0,0,0,0,0,1,0,0,0,0,0,0,0
1136,1,0,0,0,0,0,0,1,0,0,0,0,0,0,0
1137,1,0,0,0,0,0,0,0,0,0,0,0,0,0,0
1138,0,0,0,0,0,0,0,0,0,0,0,1,0,0,0
1139,0,0,0,0,0,0,0,0,0,0,1,1,0,0,0
1140,0,0,0,0,0,0,0,0,0,0,1,1,0,0,0
1141,0,0,0,0,0,0,0,0,0,0,0,0,0,0,0
1142,0,0,0,0,0,0,1,0,0,0,0,0,0,0,0
1143,0,0,0,0,0,0,0,1,0,0,0,0,0,0,0
1144,1,0,0,0,0,0,0,0,0,0,0,0,0,0,0
1145,1,0,0,0,0,0,0,1,0,0,0,0,0,0,0
1146,1,0,0,0,0,0,0,0,0,0,0,0,0,0,0
1147,1,0,0,0,0,0,0,0,0,0,0,0,0,0,0
1148,0,0,0,0,0,0,0,0,0,0,0,1,0,0,0
1149,0,0,0,0,0,0,0,0,0,0,1,1,0,0,0
1150,0,0,0,0,0,0,0,0,0,0,0,0,0,0,0
1151,0,0,0,0,0,0,0,0,0,0,0,0,0,0,0
1152,1,0,0,0,0,0,0,0,0,0,0,0,0,0,0
1153,1,0,0,0,0,0,0,0,0,0,0,0,0,0,0
1154,1,0,0,0,0,0,1,0,0,0,0,0,0,0,0
1155,1,0,0,0,0,0,1,0,0,0,0,0,0,0,0
1156,1,0,0,0,0,0,1,0,0,0,0,0,0,0,0
1157,0,0,0,0,0,0,1,0,0,0,0,0,0,0,0
1158,0,0,0,0,0,0,1,0,0,0,0,0,0,0,0
1159,0,0,0,0,0,0,1,0,0,0,0,0,0,0,0
1160,0,0,0,0,0,0,1,0,0,0,0,0,0,0,0
1161,0,0,0,0,0,0,1,0,0,0,0,0,0,0,0
1162,0,0,0,0,0,0,0,0,0,0,0,0,0,0,0
1163,0,0,0,0,0,0,0,1,0,0,0,0,0,0,0
1164,0,0,0,0,0,0,0,1,0,0,0,0,0,0,0
1165,1,0,0,0,0,0,0,0,0,0,0,0,0,0,0
1166,0,0,0,0,0,0,0,0,0,0,0,0,0,0,0
1167,1,0,0,0,0,0,0,0,0,0,0,0,0,0,0
1168,0,0,0,0,0,0,0,0,0,0,0,0,0,0,0
1169,1,0,0,0,0,0,0,0,0,0,0,0,0,0,0
1170,1,0,0,0,0,0,0,0,0,0,0,0,0,0,0
1171,1,0,0,0,0,0,0,0,0,0,0,0,0,0,0
1172,0,0,0,0,0,0,0,0,0,0,0,0,0,0,0
1173,1,0,0,0,0,0,0,0,0,0,0,0,0,0,0
1174,0,0,0,0,0,0,0,0,0,0,0,0,0,0,0
1175,1,0,0,0,0,0,0,0,0,0,0,0,0,0,0
1176,1,0,0,0,0,0,0,0,0,0,0,0,0,0,0
1177,0,0,0,0,0,0,0,0,0,0,0,0,0,0,0
1178,0,0,0,0,0,0,1,0,0,0,1,0,0,0,0
1179,0,0,0,0,0,0,1,0,0,0,1,0,0,0,0
1180,1,0,0,0,0,0,1,0,0,0,1,0,0,0,0
1181,1,0,0,0,0,0,1,0,0,0,1,0,0,0,0
1182,1,0,0,0,0,0,1,0,0,0,1,0,0,0,0
1183,1,0,0,0,0,0,1,1,0,0,1,0,0,0,0
1184,1,0,0,0,0,0,1,1,0,0,1,0,0,0,0
1185,1,0,0,0,0,0,1,1,0,0,1,0,0,0,0
1186,1,0,0,0,0,0,1,1,0,0,1,0,0,0,0
1187,1,0,0,0,0,0,1,1,0,0,1,0,0,0,0
1188,1,0,0,0,0,0,1,1,0,0,1,0,0,0,0
1189,1,0,0,0,0,0,1,1,0,0,1,0,0,0,0
1190,1,0,0,0,0,0,1,1,0,0,1,0,0,0,0
1191,0,0,0,0,0,0,0,0,0,0,0,0,0,0,0
1192,0,0,0,0,0,0,0,0,0,0,0,0,0,0,0
1193,0,0,0,0,0,0,0,0,0,0,0,0,0,0,0
1194,0,0,0,0,0,0,0,0,0,0,0,0,0,0,0
1195,0,0,0,0,0,0,0,0,0,0,0,0,0,0,0
1196,0,0,0,0,0,0,0,0,0,0,0,0,0,0,0
1197,0,0,0,0,0,0,0,0,0,0,0,0,0,0,0
1198,0,0,0,0,0,0,0,0,0,0,0,0,0,0,0
1199,0,0,0,0,0,0,0,0,0,0,0,0,0,0,0
1200,0,0,0,0,0,0,0,0,0,0,0,0,0,0,0
1201,0,0,0,0,0,0,0,0,0,0,0,0,0,0,0
1202,0,0,0,0,0,0,0,0,0,0,0,0,0,0,0
1203,0,0,0,0,0,0,0,0,0,0,0,0,0,0,0
1204,0,0,0,0,0,0,0,0,0,0,0,0,0,0,0
1205,0,0,0,0,0,0,0,0,0,0,0,0,0,0,0
1206,0,0,0,0,0,0,0,0,0,0,0,0,0,0,0
1207,0,0,0,0,0,0,0,0,0,0,0,0,0,0,0
1208,0,0,0,0,0,0,0,0,0,0,0,0,0,0,0
1209,0,0,0,0,0,0,0,0,0,0,0,0,0,0,0
1210,0,0,0,0,0,0,0,0,0,0,0,0,0,0,0
1211,0,0,0,0,0,0,0,0,0,0,0,0,0,0,0
1212,0,0,0,0,0,0,0,0,0,0,0,0,0,0,0
1213,0,0,0,0,0,0,0,0,0,0,0,0,0,0,0
1214,0,0,0,0,0,0,0,0,0,0,0,0,0,0,0
1215,0,0,0,0,0,0,0,0,0,0,0,0,0,0,0
1216,0,0,0,0,0,0,0,0,0,0,0,0,0,0,0
1217,0,0,0,0,0,0,0,0,0,0,0,0,0,0,0
1218,0,0,0,0,0,0,0,0,0,0,0,0,0,0,0
1219,0,0,0,0,0,0,0,0,0,0,0,0,0,0,0
1220,0,0,0,0,0,0,0,0,0,0,0,0,0,0,0
1221,0,0,0,0,0,0,0,0,0,0,0,0,0,0,0
1222,0,0,0,0,0,0,0,0,0,0,0,0,0,0,0
1223,0,0,0,0,0,0,0,0,0,0,0,0,0,0,0
1224,0,0,0,0,0,0,0,0,0,0,0,0,0,0,0
1225,0,0,0,0,0,0,0,0,0,0,0,0,0,0,0
1226,0,0,0,0,0,0,0,0,0,0,0,0,0,0,0
1227,0,0,0,0,0,0,0,0,0,0,0,0,0,0,0
1228,0,0,0,0,0,0,0,0,0,0,0,0,0,0,0
1229,0,0,0,0,0,0,0,0,0,0,0,0,0,0,0
1230,0,0,0,0,0,0,0,0,0,0,0,0,0,0,0
1231,0,0,0,0,0,0,0,0,0,0,0,0,0,0,0
1232,0,0,0,0,0,0,0,0,0,0,0,0,0,0,0
1233,0,0,0,0,0,0,0,0,0,0,0,0,0,0,0
1234,0,0,0,0,0,0,0,0,0,0,0,0,0,0,0
1235,0,0,0,0,0,0,0,0,0,0,0,0,0,0,0
1236,0,0,0,0,0,0,0,0,0,0,0,0,0,0,0
1237,0,0,0,0,0,0,0,0,0,0,0,0,0,0,0
1238,0,0,0,0,0,0,0,0,0,0,0,0,0,0,0
1239,0,0,0,0,0,0,0,0,0,0,0,0,0,0,0
1240,0,0,0,0,0,0,0,0,0,0,0,0,0,0,0
1241,0,0,0,0,0,0,0,0,0,0,0,0,0,0,0
1242,0,0,0,0,0,0,0,0,0,0,0,0,0,0,0
1243,0,0,0,0,0,0,0,0,0,0,0,0,0,0,0
1244,0,0,0,0,0,0,0,0,0,0,0,0,0,0,0
1245,0,0,0,0,0,0,0,0,0,0,0,0,0,0,0
1246,0,0,0,0,0,0,0,0,0,0,0,0,0,0,0
1247,0,0,0,0,0,0,0,0,0,0,0,0,0,0,0
1248,1,0,0,0,0,0,0,0,0,0,0,0,0,0,0
1249,0,0,0,0,0,0,0,0,0,0,0,0,0,0,0
1250,1,0,0,0,0,0,0,1,0,0,0,0,0,0,0
1251,0,0,0,0,0,0,0,0,0,0,1,0,0,0,0
1252,0,0,0,0,0,0,0,0,0,0,0,0,0,0,1
1253,0,0,0,0,0,0,0,0,0,0,1,0,0,0,1
1254,1,0,0,1,0,0,0,1,0,0,0,1,0,0,1
1255,1,0,0,1,0,0,1,0,0,0,0,0,0,0,1
1256,0,0,0,0,0,0,0,0,1,0,0,0,0,0,1
1257,0,0,0,0,0,0,0,0,1,0,0,0,0,0,1
1258,1,0,0,0,0,0,0,0,1,0,0,0,0,0,1
1259,1,0,0,0,0,0,0,0,1,0,0,1,0,0,1
1260,1,0,0,0,0,0,0,0,1,0,0,0,0,0,1
1261,1,0,0,0,0,0,0,0,1,0,0,1,0,0,1
1262,1,0,0,0,0,0,0,0,1,0,0,0,0,0,1
1263,1,0,0,0,0,0,0,0,1,0,0,1,0,0,1
1264,1,0,0,0,0,0,0,0,1,0,0,1,0,0,1
1265,1,0,0,0,0,0,0,0,1,0,0,0,0,0,1
1266,1,0,0,0,0,0,0,0,1,0,0,1,0,0,1
1267,1,0,0,0,0,0,0,0,1,0,0,0,0,0,1
1268,1,0,0,0,0,0,0,0,1,0,0,0,0,0,1
1269,1,0,0,0,0,0,0,0,1,0,0,1,0,0,1
1270,1,0,0,0,0,0,0,0,1,0,0,0,0,0,1
1271,1,0,0,0,0,0,0,0,1,0,0,0,0,0,1
1272,1,0,0,0,0,0,0,0,1,0,0,0,0,0,1
1273,1,0,0,0,0,0,1,0,0,0,0,1,0,0,1
1274,0,0,0,0,0,0,0,0,0,0,0,0,0,0,1
1275,0,0,0,0,0,0,0,0,0,0,0,0,0,0,1
1276,0,0,0,0,0,0,0,0,0,0,0,0,0,0,0
1277,0,0,0,0,0,0,0,0,0,0,0,0,0,0,0
1278,0,0,0,0,0,0,0,0,0,0,0,1,0,0,0
